Column,Description
respondent_serial,"The ""respondent_serial"" column in the table provides a unique numerical identifier for each respondent. This column contains integer values, such as 3, 4, 5, etc., which are sequentially assigned to each respondent. The purpose of this column is to ensure that each entry (or row) in the data set can be uniquely identified and referenced. It acts as a primary key for the data, allowing for easy indexing, retrieval, and management of respondent-related information across the data set. Each value in this column represents a specific respondent and is crucial for maintaining the integrity of the data, especially when correlating it with other respondent-specific information provided throughout the other columns of the table."
respondent_id,"The 'respondent_id' column contains unique identifiers for each respondent. These identifiers are alphanumeric codes that serve to anonymize individual respondents while still allowing for distinctions between them. In the given table values, entries such as ""GEN24_4311"", ""GEN24_4312"", and ""GEN24_2966"" exemplify the pattern of these identifiers. Each value in this column is distinct, ensuring that each respondent in the dataset is represented uniquely. This column is crucial for linking survey responses to specific individuals without revealing personal information, thus maintaining confidentiality."
country,"The ""country"" column in the table contains information about the country in which the respondent resides or is associated with. Each value in this column represents the name of a country. In the given table, all the entries for this column state 'Singapore', indicating that a survey or study was conducted, and all respondents were associated with Singapore. This column helps in identifying the geographic location or nationality context of the data related to the respondents."
yearbornin_1_slice,"The target column, 'yearbornin_1_slice', appears to represent a segment or slice of the year in which the respondent was born. Given the context and naming convention, this column likely contains information related to either a particular year of birth or a categorization of years (such as decades or specific eras).

The term ""slice"" suggests that the year might be grouped into predefined segments rather than individual years, possibly for anonymization or analysis purposes. For instance, respondents might be categorized into different slices like ""1950-1959"", ""1960-1969"", and so on, rather than listing their exact year of birth.

If the values in this column are individual years, then it is likely the number indicating a specific year. Alternatively, if the column contains more general text or codes, it might reflect a broader categorization of birth years. This column is valuable for demographic analysis, particularly to assess trends based on the age distribution of respondents."
yearbornin_1_slice1,"The target column, ""yearbornin_1_slice1,"" appears to hold numerical or categorical values that are related to the birth year of respondents. Given its name, ""yearbornin_1_slice1,"" the column likely represents a segment or slice of data pertaining to the birth year. This slicing could mean the column is part of a dataset where birth years are divided into intervals or categories. It may contain values representing specific ranges of years, or particular decades to which the respondent belongs. These values might be used to analyze demographic trends based on age, within various contexts or further utilize in research studies on population segments, depending on categorical differentiations chosen in the study."
ageofrespondent,"The target column, 'ageofrespondent', represents the age of each respondent in the dataset. Each entry in this column provides a numerical value indicating how old the respondent was at the time they participated in the survey or study. It is likely that this information was collected to analyze trends or correlations between age and other variables within the dataset, such as occupation, income, marital status, etc. As a demographic variable, 'ageofrespondent' offers crucial insights into understanding demographic distribution and its potential impact on the other collected data."
indicateage,"The ""indicateage"" column represents the age of the respondents as reported in the dataset. Each entry in this column is expected to be a numerical value corresponding to the current age of the individual respondent associated with that row. The information in this column helps in analyzing the age demographics of the respondents and could be used in further investigations or analyses involving age as a variable, such as studying the relationship between age and other factors like income, occupation, or social behaviors."
gender,"The target column ""gender"" captures the gender identity of the respondents in the dataset. The values in this column are likely categorical and can include distinct attributes to identify the respondent's gender. Common categories would typically be ""Male,"" ""Female,"" and potentially other identifiers for non-binary or unspecified gender identities. The data provided hints at a structured survey or dataset collected from individuals, with ""gender"" being a demographic variable of interest. This column is typically used to analyze or segment the dataset based on gender differences or to examine gender-related patterns in the responses."
occstatus,"The target column `occstatus` likely represents the occupational status of the respondents in the dataset. This column may include categorical data indicating whether the respondent is employed, unemployed, a student, retired, or in any other identifiable occupational category. The exact values in this column could be strings or codes that categorize individuals based on their current engagement in professional or other regular activities. This information is vital for demographic analysis, understanding economic activity, and other studies related to employment status and trends."
levelsch,"The ""levelsch"" column in this table refers to the educational level or schooling status of the respondent. The values in this column likely represent different levels of formal education that a respondent has attained. Although specific values for this column are not provided in the input, typical entries might include categories such as ""Primary"", ""Secondary"", ""High School"", ""Diploma"", ""Undergraduate"", ""Graduate"", or similar descriptors that correspond to the highest level of education completed by the individual respondent. This field helps in understanding the educational background of respondents within the dataset."
highestlevel,"The target column ""highestlevel"" represents the highest level of education that a respondent has attained. This column is likely categorical, with each entry indicating a specific educational milestone or qualification that serves as a marker for the respondent's educational achievements. Potential values may include various stages of education such as ""High School"", ""Undergraduate"", ""Postgraduate"", or more specific qualifications like ""Diploma"", ""Master's Degree"", ""PhD"", etc. This information is generally used to analyze the respondent's educational background and correlate it with other demographic or behavioral data within the dataset. The values in this column are crucial for understanding patterns related to education across the surveyed population."
unisch,"The target column ""unisch"" appears to contain categorical data based on its pattern of responses. From the provided table values, we see entries like 'No', 'Yes', which suggests that this column reflects a binary or categorical response from respondents. Given the context of the column name ""unisch,"" it is plausible that it refers to whether the respondent has attended or is affiliated with a university or a similar higher educational institution. Therefore, the column likely captures respondents' educational experience, specifically regarding university education, with 'Yes' indicating attendance or affiliation and 'No' indicating the opposite."
postgradsch,"The target column ""postgradsch"" likely indicates whether the respondent has attended or completed postgraduate education or schooling. Each entry in the column seems to be categorical in nature, typically representing a binary yes/no response. Given the table, this column may be used to assess the level of higher education among respondents in the dataset. The presence of this column can help in analyzing the correlation between postgraduate education and other variables such as occupation, income, and social factors."
occupationindustry,"The target column, `occupationindustry`, contains information about the industry in which the respondent is employed. Each entry in this column represents the field or sector of employment for an individual respondent. The values are likely to be categorical, describing various industries such as technology, healthcare, finance, education, manufacturing, etc. This information provides insight into the economic sector the respondent is associated with, helping to understand the distribution of occupations across different industries among the surveyed population."
occupation2,"The target column ""occupation2"" appears to relate to a respondent's job role or field of work. The exact nature or format of the data in this column is not directly provided in the given input, but ""occupation2"" typically indicates a second occupation or a further classification or specification of occupation types.

To describe ""occupation2"" more concretely, it may contain values such as job titles, industry sectors, or any classification that helps in identifying the respondent's main occupational role. It might correspond to more detailed categories that provide supplemental information to a primary job field listed in another occupation-related column, such as ""occupationindustry."" The typical values in this column would range from specific job titles to broader categories depending on the granularity of the data collected.

Given that this is survey data and considering the context from other column names, ""occupation2"" serves to detail or refine occupational information about the respondent. It could also be involved in understanding employment patterns or analyzing demographic employment data across different sectors or roles."
whichauthority,"The ""whichauthority"" column contains information about an individual's perception or designation of authority in a given context. Each entry within this column is likely to represent a specific option or category selected by the respondent to indicate which authority they recognize or prioritize in a scenario. This could involve specifying a particular governing body, organizational hierarchy, figure of authority, or related entities that play a role in decision-making or hold significance according to the respondent's perspective. The data seems to be categorical, and the responses may include names of authorities or coded/abbreviated representations of these authorities. The column helps in identifying patterns or preferences in how authority is perceived or referenced in the dataset."
rankmostimptchild_new_1,"The target column, `rankmostimptchild_new_1`, appears to hold data related to individuals' ranking of the most important qualities or aspects concerning children. This column is likely part of a survey or questionnaire, where respondents could have been asked to prioritize or rank what they consider most significant regarding their children's traits, needs, or upbringing methodologies. The values in this column would typically be numerical or categorical, showing the rank or score assigned to a particular aspect in relation to its importance. Essentially, this column aims to capture respondents' perceptions or priorities regarding certain aspects related to children."
rankmostimptchild_new_2,"The column ""rankmostimptchild_new_2"" appears to capture respondents' rankings or preferences related to specific aspects of child-rearing or characteristics deemed important in children. The column likely consists of values that represent a ranking or order of importance, specifically indicating the second most important aspect from a list provided in the survey or study. The actual values in the column would be numerical (indicating rank order) or categorical (indicating the specific aspect ranked second). These values reflect the respondents' prioritization of certain child-related factors or characteristics, providing insights into what they consider to be critically important for their children or in child development."
rankmostimptchild_new_3,"The target column ""rankmostimptchild_new_3"" seems to be a part of a set of columns (likely ""rankmostimptchild_new_1"", ""rankmostimptchild_new_2"", etc.) that pertain to the ranking of importance placed on certain attributes related to children, as indicated by the ""rankmostimptchild"" prefix. The suffix ""_new_3"" suggests that this column captures the ranking of a specific attribute related to children, possibly the third most important one according to the respondents' preferences or responses.

The semantics of this column involve:

1. **Ranking of Child Attributes**: It holds data regarding how respondents rank a particular aspect of children as important. Given it is labeled ""new_3"", it likely represents the third position in terms of importance compared to other child-related aspects.

2. **Ordinal Data**: The values in this column are likely ordinal, meaning they are ordered categories. For example, a value of '1' might signify top priority, while a '2' might indicate second priority, and so on.

3. **Respondent-Driven**: Each entry in this column correlates with a respondent indicated by 'respondent_serial' or 'respondent_id'. This indicates that the data represent subjective opinions or preferences.

4. **Survey Context**: The context likely indicates a survey where respondents assess and prioritize various attributes related to children or child-rearing, and this column specifically captures one such prioritized attribute.

5. **Complementary Data**: This column should be analyzed alongside ""rankmostimptchild_new_1"" and ""rankmostimptchild_new_2"" to get a comprehensive view of the respondents’ prioritization of child-related attributes.

Overall, ""rankmostimptchild_new_3"" is a part of a larger framework that seeks to understand public opinion or preferences regarding significant aspects of child upbringing or characteristics within a surveyed population."
livinginsg_1_slice,"The target column, `livinginsg_1_slice`, likely represents a demographic or survey-related aspect regarding the respondents' living situation in Singapore. Each entry in this column corresponds to an individual respondent, and the values indicate whether or not the respondent is living in Singapore during the first unspecified time slice or condition assessed by the survey. The details of the time slice or condition are not directly evident from the column name, but it suggests a categorical nature of data typically represented through binary responses, such as ""Yes"" or ""No"". These kinds of columns are common in survey datasets where responses are subdivided into different time periods or slices for detailed analysis."
livinginsg_2_slice,"The target column ""livinginsg_2_slice"" likely contains data related to the living situation of respondents in Singapore, as indicated by the name of the column. The term ""slice"" suggests this might be part of a larger set of data points capturing different dimensions or aspects of the respondents' living conditions. 

The values in this column, although not explicitly shown in the provided extract, would typically contain information that can be categorized or enumerated, such as the length of stay in Singapore, living environment characteristics, or other specific details about the respondents' living arrangements. These details might be used to analyze the living standards or quality of life of the respondents based in Singapore. 

Since this column is labeled with a ""2_slice"" suffix, it should be considered as part of a multi-column set that collectively describes the broader context or nuanced aspects of living in Singapore. To fully understand the semantics and implications of the data in ""livinginsg_2_slice,"" it would be beneficial to have access to the corresponding data values and possibly cross-reference with other related columns like ""livinginsg_1_slice,"" ""livinginsg_3_slice,"" and ""livinginsg_4_slice."""
livinginsg_3_slice,"The target column ""livinginsg_3_slice"" appears to pertain to information regarding the respondent's living situation in Singapore, potentially in terms of duration or the context of residence. Given the naming convention and the association with the respondent's living status in Singapore, this column likely captures a specific detail or a certain condition related to their living situation. It is named similarly to other ""livinginsg"" columns, possibly indicating it is one aspect of a multi-part question or set of data that explores different dimensions or facets related to living in Singapore. However, the specific values in this column are not provided, so the exact nature of what ""slice"" refers to—such as duration in years, a type of residence, or another characteristic—cannot be precisely determined without additional context."
livinginsg_4_slice,"The target column 'livinginsg_4_slice' appears to represent a categorical or binary value related to the living situation of respondents in Singapore. Given the context of the column name, it likely indicates whether the respondent is experiencing or exhibiting a particular aspect related to living in Singapore. The values could denote a specific condition or status, such as living in a particular region of Singapore, having a type of residence, or any other characteristic specific to living in Singapore that is interpreted through a fixed number of categories or binary options (e.g., ""Yes"" or ""No""). The surrounding columns in the dataset may provide further context, which might help to understand the specific condition or aspect this column describes, though such details are not directly apparent from just observing the column values listed."
vbc,"The target column ""vbc"" in the given dataset appears to represent a categorical variable that likely encodes a specific attribute or response collected from the survey or study related to the respondents. Since the column values are represented using simple labels such as 'No', 'Yes', 'No', it suggests a binary classification or a simple yes/no question's outcome. This column likely indicates the presence or absence of a particular characteristic or response regarding a question asked to the respondents, perhaps about their behavior, opinion, or status linked with the overarching theme of the study. Without additional context, this column might relate to a variable under investigation, such as voluntary behavior, a specific condition, or an experience that participants were asked about."
sliderliberty_1_slice,"The target column, `sliderliberty_1_slice`, likely represents a numerical or categorical response related to a question or slider scale associated with the concept of ""liberty"" in a survey or study. Given the context and the naming convention, it may reflect a respondent's perception, opinion, or evaluation of personal liberty, freedom, or rights on a specified scale. It could be measuring, for example, how much importance the respondent places on liberty, their personal experiences with liberty in their country, or their satisfaction with current levels of liberty. Without explicit values, we cannot definitively determine the scale or type but it could range from a simple 1-5 scale, or use a more complex measurement scale if it captures more nuanced gradations in liberty sentiment."
maritialstatus,"The target column ""maritialstatus"" appears to hold information regarding the marital status of the respondents in the dataset. The term ""marital status"" generally refers to the legal relationship status of a person concerning marriage. Common categories in such a column might include statuses like 'Single,' 'Married,' 'Divorced,' 'Widowed,' or 'Separated.'

Although the exact values in the ""maritialstatus"" column are not provided in the table values, you can infer that it reflects one of these categorical states or a similar equivalent. It is typically used in data analysis to assess the compositional mix of survey respondents or to connect with other demographic information such as age, income, or the number of children, which might be pertinent to their marital status."
children,"The target column ""children"" likely indicates whether a respondent has any children. The values in this column are expected to be binary or categorical, such as 'Yes' or 'No', representing the presence or absence of children for that respondent. The column provides information about the family status of the individuals surveyed, specifically focusing on their parental status. This data can be useful in analyzing demographic trends or correlating with other variables such as marital status, personal income, or age."
noofchildren,"The target column ""noofchildren"" represents the number of children that a respondent has. The values within this column are expected to be numerical, indicating the total count of children for each respondent in the dataset. Each entry in the ""noofchildren"" column corresponds to a single respondent, as identified by the columns like 'respondent_serial' or 'respondent_id'. This column is likely used in the analysis of familial or demographic patterns, allowing researchers to assess how various factors relate to or affect family size. Overall, ""noofchildren"" provides a quantifiable measure of a respondent's parental status."
childage,"The target column ""childage"" represents the age(s) of the respondent's child or children. The values in this column likely provide details about the specific ages of each child, which could be presented in different formats such as individual ages, ranges, or possibly as an average if multiple children are referenced. Depending on the data's format and context, this column may contain numerical values indicating ages, or possibly a structured format for cases where more than one child is present, such as a list or range. The field's role is to offer insight into the demographic aspect of the respondent's family status, specifically related to the age(s) of their child/children."
personalincome,"The target column, `personalincome`, represents the individual income of each respondent. The data in this column likely consists of numerical values indicating the annual or monthly income of the respondent. These values may reflect the gross earnings before tax, capturing elements such as salary, wages, dividends, and any other personal financial earnings. Given its context in the table, it could correlate with other socioeconomic factors such as occupation, education level, or age. The data might be used to analyze income distribution, economic status, or financial stability of respondents within the surveyed population."
hhi,"The target column 'hhi' likely represents ""household income"" or something similar. This column captures a numeric or categorical value that indicates the income level or bracket of a respondent's household. The information in this column would be crucial in distinguishing socio-economic classes among respondents, analyzing economic trends, and understanding demographics in various analyses involving the data. The values in this column may range from specific income amounts to broader categories, such as income brackets (e.g., low, medium, high) or ordinal scales representing income bands."
socialnetwork_1_slice,"The target column `socialnetwork_1_slice` appears to contain categorical data related to a specific aspect or category of social networking or social interactions among the respondents. Given the naming convention with `_slice` suffix, it may indicate a particular segment or dimension of respondents' activities or characteristics within their social network.

Based on common practices, this column could represent respondents' access to, frequency of use, or level of engagement with certain social media platforms or networks. It may also reveal other aspects like the type of connections (e.g., family, friends, work-related networks) or socio-cultural group affiliations.

The values in the column are not provided, but they are likely to be distinct categories or descriptors, such as names of social platforms (like Facebook, Twitter) or numerical/ordinal codes representing different interaction levels or types."
socialnetwork_2_slice,"The ""socialnetwork_2_slice"" column in the table represents a specific aspect or dimension of a respondent's social network. The values in this column likely indicate a categorical or binary response related to the social network, such as the level of engagement, the type of interaction, or the presence of a particular social network feature or connection. Given the other columns related to ""socialnetwork"" in the table, this column might be part of a broader assessment of social network usage or preferences, focusing on a second characteristic or factor within the context of the survey or study. Without explicit values shown in the sample, the precise meaning would depend on the study's definitions and methodology regarding social networks."
socialnetwork_3_slice,"The target column, `socialnetwork_3_slice`, appears to be a categorical or quantitative feature that reflects some aspect of the respondent's social networking behavior or preferences. The naming convention suggests that this is one of several slices or segments in the social network data, indicating it could be a part of a larger data collection effort that breaks down social networking behavior into various components for analysis.

Here's a more detailed description:
- **Contextual Meaning**: As part of a series of ""socialnetwork"" columns, `socialnetwork_3_slice` could relate to a specific dimension or characteristic of social networking. This could include frequency of use, type of social platforms preferred, or specific activities undertaken within social networks.
- **Data Type**: Although not explicitly provided, the data in this column could be numerical (quantifying a behavior or preference, such as the number of hours spent), categorical (denoting different types or aspects of social networking), or even ordinal (indicating levels of engagement or satisfaction).
- **Relation to Other Columns**: This column is one of several ""socialnetwork"" columns, suggesting it might serve to provide complementary or supplementary information to give a more holistic view of a respondent's social networking profile. It could work in conjunction with other similar columns to offer comparative insights or complete a multi-faceted perspective.
- **Potential Use**: Analysts might use this column to understand patterns in social behavior, correlate social networking habits with other demographic or personal attributes in the dataset, or track changes over time if longitudinal data is present.

Overall, `socialnetwork_3_slice` is a component of the data set that helps flesh out the nature or behaviors linked to social networking activity among respondents."
socialnetwork_4_slice,"The target column ""socialnetwork_4_slice"" is part of a set of columns related to social networking information, presumably gathered from survey or data collection efforts. While the specific values in ""socialnetwork_4_slice"" are not visible in the provided sample, based on its naming convention, it likely represents a distinct aspect or component of a respondent's social network profile. 

Given that it is preceded by columns ""socialnetwork_1_slice,"" ""socialnetwork_2_slice,"" and ""socialnetwork_3_slice,"" each of these slices could potentially correspond to different dimensions or facets of social networking - such as frequency of use, size of network, primary platform used, or level of personal information shared. Therefore, ""socialnetwork_4_slice"" could relate to another such dimension that has not yet been disclosed.

In summary, the ""socialnetwork_4_slice"" column contains data about one specific measurement or characteristic of a respondent's social networking behavior or status, complementing other slices in providing a fuller picture of the individual's social network profile."
socialnetwork_5_slice,"The target column, `socialnetwork_5_slice`, appears to be part of a series of columns related to social networks. The presence of multiple `socialnetwork_*_slice` columns suggests that the data might be segmented into different aspects or categories of social interactions or activities, possibly capturing different dimensions or levels of an individual's social network or connections.

Given the name `socialnetwork_5_slice`, this column likely represents a specific dimension, feature, or slice of the social network data for each respondent. It could capture a particular type of social interaction, engagement in a particular social platform, group membership, or frequency of communication within a specific network.

Without having access to specific data values from this target column, its exact semantic meaning cannot be definitively determined. However, the general implication is that it is one part of a broader attempt to quantify or categorize some social network aspect, as indicated by the numbering ('5') suggesting it's the fifth slice in a series delineating various characteristics or segments of one's social network interactions or identity."
socialnetwork_6_slice,"The target column ""socialnetwork_6_slice"" appears to represent a specific attribute or aspect of a respondent's social network, as inferred from its name. The term ""slice"" suggests that this column might be one part or dimension of a multi-faceted assessment of the respondent's social network. The data values themselves (which aren't fully visible here, but based on adjacent columns might follow a similar format) could contain categorical or numerical data indicating the intensity, importance, type, or size of this particular facet of the social network. Given common practices in social network analysis, this column could potentially include values related to frequency of interaction, network size, level of connectivity, or relationship strength, among other possibilities. However, without explicit examples of the data, these remain educated speculations based on the column's title."
socialnetwork_dp01,"The `socialnetwork_dp01` column represents a data point related to an individual's social network profile. Given the naming convention, ""dp"" could potentially stand for ""data point"" or a specific aspect/dimension of social network characteristics that is being measured or tracked. 

Considering that other columns have similar prefixes like `socialnetwork_` followed by a slice or number, it suggests that the dataset is capturing multiple dimensions or attributes of a person's social network interactions, behaviors, or preferences.

This column likely contains information pertaining to a specific metric or attribute measured during data collection, which might involve interaction frequency, the size of the network, type of interactions, or a specific question related to social networking in the survey or study. However, since the column values are not provided, the specific information encapsulated by `socialnetwork_dp01` would need further clarification from additional documentation or datasets."
socialnetwork_dp02,"The target column ""socialnetwork_dp02"" appears to represent some specific aspect or measure of social networking behavior or preferences among the survey respondents. Since the column values are not directly provided, and considering the context provided by similar columns like ""socialnetwork_1_slice"" to ""socialnetwork_dp10"", it can be inferred that ""socialnetwork_dp02"" is a part of a broader set of questions or data points about social networking. This might include frequency of use, types of social networks used, or specific interactions within those networks. The prefix ""dp"" could stand for ""data point"", indicating it is a specific, quantifiable metric recorded in the dataset from the survey related to social networking."
socialnetwork_dp03,"The ""socialnetwork_dp03"" column appears to represent a specific aspect or dimension of respondents' social networking behavior or characteristics. The values in this column are binary indicators, likely denoted by options such as 'Yes' or 'No', suggesting the presence or absence of a specific social networking trait or activity for each respondent.

The term ""dp03"" could refer to a predefined category or classification within a social networking survey or analysis. This label could denote a particular question or criterion in the survey process, focusing on aspects like the respondents' usage frequency, engagement level, or presence on a specific type of social media platform.

In essence, the ""socialnetwork_dp03"" column provides a focused piece of information relating to the respondents' engagement in a particular social networking context, helping to measure or analyze their online social interactions."
socialnetwork_dp04,"The target column ""socialnetwork_dp04"" appears to contain data related to the respondent's social network. The specific semantics of this column are not entirely clear from the name alone, but it is likely to represent a particular aspect or dimension of the social connections or interactions of the respondents. Given the naming convention, it might be part of a series of columns (""socialnetwork_dp01"" to ""socialnetwork_dp10""), each capturing different facets or characteristics of the social network. The ""dp"" in the column name could denote a specific data point or dimension pertaining to social networks.

Given the nature of social network data, entries in ""socialnetwork_dp04"" might include indicators of social activities, the strength or number of social connections, participation in social groups, or other network-related metrics. The exact nature would depend on how social networks are quantified in this dataset. For instance, it could be numerical data representing a count or degree of a social attribute, or categorical data representing the presence or absence of a social feature.

Without direct examples of the data contained within this column, the interpretation provided is general and based on typical data structures associated with social network representations."
socialnetwork_dp05,"The target column, `socialnetwork_dp05`, appears to be part of a series of columns labeled with a similar prefix, indicating that it relates to some aspect of ""social network"" information. The `dp` in the column name could suggest a categorical or demographic parameter tied to social network data, though the exact meaning depends on the study or survey these data are sourced from.

The values observed in this column are likely to be categorical, possibly indicating presence or level of participation/interaction in a specific aspect of social networking. Without specific values revealed in your input, the content could range from binary ""Yes/No"" responses, categorical labels, or some other classification related to respondents' social network behavior or connections.

Essentially, the column is likely capturing a particular attribute or behavior of respondents concerning their social interactions or networks, which could be a metric or dimension identified by portion 05 (`dp05`) of the social network survey/data collection. To be more precise, further context about what each `dp` code corresponds to would be needed for a complete understanding."
socialnetwork_dp06,"The target column, `socialnetwork_dp06`, appears to represent a specific aspect or dimension of a respondent's interaction or engagement with social networks. Here's a detailed breakdown of the semantics based on the typical naming conventions and potential content:

1. **Contextual Meaning**: The prefix `socialnetwork` indicates that this column relates to a respondent’s social networking habits, preferences, or experiences. This could involve usage patterns, frequency of use, types of platforms used, or attitudes toward social networking.

2. **Specific Dimension**: The suffix `_dp06` suggests that this column is one part of a series or set, likely addressing a particular dimension of social networking. The sequence number `06` could imply it is the sixth item in this series. Each `dp` might correspond to questions or data points addressing different aspects of social networking (e.g., security concerns, frequency, platform types, etc.).

3. **Potential Content Type**: If this series of columns captures responses from a survey, `socialnetwork_dp06` might contain qualitative or quantitative data. This could include scale-based responses (e.g., a rating from 1 to 5), binary responses (e.g., Yes/No), or categorical choices from a predefined set.

4. **Use in Analysis**: As part of a broader survey or dataset, this column could offer insights into patterns of social network engagement across different demographic segments. Analysts might use it to measure correlations between social networking practices and other variables like age, income, or access to digital technology.

Overall, `socialnetwork_dp06` should be seen as a specific data point within a broader analysis of social media or network usage among respondents in this dataset."
socialnetwork_dp07,"The target column `socialnetwork_dp07` appears to be part of a series of columns related to social networks, as indicated by the prefix ""socialnetwork"" and similar columns like `socialnetwork_dp01`, `socialnetwork_dp02`, etc. Each entry in this column contains categorical data with possible values being 'Yes', 'No', or potentially missing values. The semantics of this column likely represent a specific aspect or characteristic of a person's social networking behavior or status.

Since the `socialnetwork_dp07` column is part of a pattern alongside other similarly named columns, it's plausible that each ""socialnetwork_dpXX"" column captures distinct attributes, dimensions, or questions related to the respondents' engagement or involvement in various social network activities or properties. The 'Yes'/'No' values may correspond to binary responses to questions about particular uses, experiences, habits, or memberships in social networks, reflecting presence, participation, or agreement with a specific social network aspect. The detailed meaning of `socialnetwork_dp07` would depend on the specific questionnaire or survey design associated with this dataset."
socialnetwork_dp08,"The target column 'socialnetwork_dp08' appears to be a part of a series of columns related to 'social network' data within the table. The values in this column consist of binary responses, potentially indicating ""Yes"" or ""No."" This suggests that 'socialnetwork_dp08' might be capturing a specific aspect or dimension of an individual's social network.

Considering the naming convention and the typical structure of such survey data, 'dp08' could denote a specific question or topic within a broader 'social network' category. Each of these 'socialnetwork_dp' columns likely corresponds to individual survey questions addressing various aspects of respondents' social connections. Therefore, the 'socialnetwork_dp08' column likely represents whether respondents agree, disagree, participate, or are engaged with a particular social network-related statement or activity, access, or condition – specific to question or condition '08' within the survey."
socialnetwork_dp09,"The target column `socialnetwork_dp09` contains data related to a specific aspect of respondents' social network behavior or characteristics. Each entry in this column provides a response or data point specific to the 9th dimension, category, or question in a series of queries or metrics related to social networking behavior. Given the naming convention, it is likely part of a set of standardized questions or indicators around social media or social network engagement, actions, affiliations, or attitudes.

The entries in the column could be binary (e.g., Yes/No), categorical (e.g., types of social network usage), or numerical (e.g., frequency of use), but the exact nature isn't specified from the table values provided. Typically, such data might indicate participation level, a response to a social media habit, or opinions regarding social media's influence or role. This data would provide insight into a specific aspect of how individuals interact or engage within their social networks or their perceptions towards it."
socialnetwork_dp10,"The target column ""socialnetwork_dp10"" appears to represent a specific aspect or dimension of a respondent's social network, as captured in a survey or study. Each entry in this column likely corresponds to a response or data point related to an individual's social network characteristics. 

The naming of the column, ""socialnetwork_dp10,"" suggests that it is part of a larger set of variables (socialnetwork_1_slice to socialnetwork_dp10, as per the column list) that collectively capture different dimensions or slices of social network data. The suffix ""dp10"" indicates that it might be the 10th dimension or data point in this series.

The values in the target column are not provided in the excerpt, but based on typical social network data collected in surveys, it could include binary responses (e.g., 'Yes' or 'No') indicating the presence or absence of certain social network features, numerical values indicating frequency of interactions, or categorical data representing types of social ties. However, without seeing the specific values contained within the column ""socialnetwork_dp10,"" it is not possible to provide a precise description of its content."
q20_q211,"The target column 'q20_q211' contains responses to a specific question or survey item. The column values appear to be categorical, as evidenced by entries like 'No' and 'Yes'. This suggests that 'q20_q211' likely represents a binary response to a question, possibly regarding a statement or an event for which the respondents were asked to indicate agreement or occurrence. Each entry in this column reflects the response of the corresponding respondent, as identified by the 'respondent_serial' or 'respondent_id' columns. In the context of the larger dataset, this column may be used to analyze trends or patterns based on the binary responses it captures."
q20_q212,"The target column ""q20_q212"" appears to be part of a set of related columns, likely corresponding to responses to survey questions or a particular set of variables within the survey. The column ""q20_q212"" consists of binary values, specifically 'Yes' or 'No'. This suggests that the column captures a binary response, indicating whether a respondent agrees or has a particular characteristic, behavior, preference, or opinion corresponding to the specific question or criterion labeled as ""q20_q212"". The question or criteria itself is not detailed in the data snippet provided, but the consistent binary responses imply a straightforward categorical variable output, used for further analysis such as profiling, inference, or understanding certain patterns within the survey population."
q20_q213,"The target column `q20_q213` contains data that appears to be related to a survey question or a part of a questionnaire (as suggested by the prefix ""q20""). The entries in this column could represent responses to a specific question or set of questions asked within a survey. 

Given the format of the column names (`q20_q213`), this column likely belongs to a subset of questions or attributes tied to a higher-level category, possibly designated as ""q20."" The suffix ""q213"" could imply that this is one among several parts or segments of the broader ""q20"" section, allowing each segment to capture distinct aspects of the respondents' answers. 

The values provided in the table for `q20_q213` are not directly shown in your message, but typically in survey datasets, these values could be categorical (e.g., `Yes`, `No`, `Maybe`), ordinal (e.g., ratings or levels), or numerical (representing some form of quantification). The meaning of these values would depend heavily on the context of the original question ""q20"" and its subsections. Without specific details on the question itself, the precise nature of the responses cannot be determined, but they are likely indicative of respondents’ opinions, preferences, or characteristics as captured through a survey instrument."
q20_q214,"The target column `q20_q214` appears to contain categorical values indicating responses to a specific survey question labeled as `q20_q214`. Based on the table values provided, which are shown as `['No', 'Yes', 'No']` and similar variations, it suggests a binary choice or a yes/no type response from the survey participants. Each entry in this column corresponds to a participant's answer to a particular question (likely related to a series referenced by ""q20""), where ""Yes"" or ""No"" reflects agreement or disagreement, presence or absence, or any similar binary condition depending on the context of the survey. While the exact question cannot be discerned from the column name alone, it fits within a series of columns (`q20_q211`, `q20_q212`, `q20_q213`) likely indicating a related set of questions under a broader theme or topic within the survey."
ban_age,"The target column, ""ban_age,"" appears to be a column related to the banning or restriction of respondents based on age criteria. The presence of a prefix 'ban_' suggests that this column likely indicates whether certain data, individuals, or items should be restricted or marked due to age-related reasons.

In the table values shown, the values for ""ban_age"" are not explicitly provided, but if we consider standard usage, this column could contain categorical values or flags such as 'Yes', 'No', or numerical ranges or specific ages to denote whether the age factor applies in a restrictive or notable manner. 

In essence, ""ban_age"" likely serves as a filter or tag to highlight certain age groups for specific considerations within the data set. It may be used for purposes such as determining eligibility or exclusion from certain analysis categories based on age."
ban_gender,"The target column ""ban_gender"" in the table is a categorical variable that records whether or not gender information is banned, restricted, or limited in some way for each respondent. The values in this column are typically represented as 'Yes' or 'No'. A 'Yes' would imply that gender information is indeed banned or restricted for the corresponding respondent, while a 'No' would mean there is no such restriction. This column helps understand if there are any privacy measures or constraints related to the gender data of the participants in the survey or dataset."
ban_personal_inc,"The target column 'ban_personal_inc' appears to be a binary column containing categorical values. The observed data values are ""Yes"" and ""No"", which suggests that this column indicates whether or not the respondent's personal income information is banned or restricted in some way for the particular dataset. Essentially, a ""Yes"" denotes that personal income data is somehow restricted or not available, whereas a ""No"" implies that personal income data is not restricted and may be available for analysis or consideration within the context of this data. This could be relevant in contexts where data privacy or specific data-use policies might preclude the sharing or use of personal income information."
ban_mhi,"The target column ""ban_mhi"" appears to represent a binary response regarding the respondent's household income, likely concerning whether it meets or exceeds a certain threshold, qualifies for a subsidy, or is eligible for a particular financial categorization (e.g., middle household income). The values in this column are strings ""Yes"" or ""No,"" which suggests that it indicates whether the condition related to household income is met (""Yes"") or not (""No""). This column might be involved in determining eligibility or inclusion in a specific category based on the household income parameter defined in the survey or study context."
ban_q18_q191,"The target column, `ban_q18_q191`, contains binary values, likely indicating responses to a specific survey question or statement. The values ""Yes"" and ""No"" are used, suggesting that respondents were asked whether they agree or meet a certain condition or criterion related to a survey question identified by ""q18"" and refined further by the sub-question or component ""q191"". This column captures a yes/no response to a structured survey item, possibly regarding a specific aspect of the respondents' behavior, attitude, or characteristics. The prefix ""ban_"" could indicate that this column relates to a broader category or thematic area within the survey, potentially around topics involving restrictions or prohibitions (as ""ban"" might imply), although without context, it is hard to ascertain the exact theme."
ban_q18_q192,"The target column ""ban_q18_q192"" appears to be a binary indicator, possibly related to a survey or questionnaire as suggested by the prefix ""ban"". The values in this column are categorical, consisting of 'Yes' and 'No'. This indicates whether a particular criterion or condition associated with the question ""q18_q192"" has been met or agreed upon by the respondent. The ""ban"" prefix might suggest that this question or criterion pertains to a specific domain, such as a ban or prohibition context. Hence, the column likely captures a yes/no response indicating compliance or agreement with the stated condition in the survey question labeled ""q18_q192""."
ban_q18_q193,"The target column `ban_q18_q193` seems to be a part of a series of columns labeled with the prefix `ban_q18_q19`. This pattern suggests that it might be capturing responses to a specific survey question or set of related questions identified by the codes `q18` and `q19`. The suffix `193` likely indicates a specific part or sub-element of this question set.

Examining the values in the column, which are strings like ""No"", ""Yes"", and possibly others, it appears that this column captures binary or categorical responses. These responses could denote the participant's agreement, preference, or participation concerning a specific attribute or activity related to the question set `q18`/`q19`.

For instance, ""Yes"" might indicate agreement or affirmation, whereas ""No"" would suggest disagreement or negation regarding a particular statement or query that was posed to the respondents.

Given the context of other columns present, such as demographics (age, gender), socio-economic factors (income, occupation), educational background, etc., this column's data might relate to a behavioral, preferential, or attitudinal aspect being surveyed among the respondents. However, without specific details on what 'q18_q193' corresponds to, this analysis remains a conjecture based on naming conventions and common survey design practices."
ban_q18_q194,"The target column ""ban_q18_q194"" represents a survey question or a variable related to the respondents' characteristics or behaviors. Based on the context of the table, values in this column are categorical, with the most commonly observed values being ""No"" and ""Yes"". This implies a binary response indicating a particular answer or condition for that specific question, where ""Yes"" suggests the presence or agreement to a certain statement or condition, and ""No"" suggests absence or disagreement. 

Given the naming convention, this column seems to be a part of a broader set of questions or conditions possibly related to a survey or research study, possibly focusing on different aspects or factors interacted by respondents. These binary indicators in the ""ban_q18_q194"" column likely form part of a comprehensive data set gathered to analyze specific patterns, sentiments, or demographic correlations associated with the respondents in the survey."
ban_education1,"The target column ""ban_education1"" appears to be a categorical column that represents a binary attribute related to the educational status or level of respondents. The values in this column are likely to be ""Yes"" or ""No,"" indicating whether a particular educational criterion or condition is met by the respondent. This could relate to a specific level of education, a field of study, or whether the respondent has attained a certain degree. The column is part of a series of binary indicators (as suggested by other columns named ""ban_education2"", ""ban_education3"", etc.), each likely addressing different aspects or categories of the respondents' education profiles."
ban_education2,"The target column 'ban_education2' appears to be a binary variable that indicates some condition related to education for each respondent in the dataset. The prefix 'ban_' suggests that this column might relate to a specific survey question or analysis about educational background, potentially indicating whether a certain education-related criteria has been met or a specific educational category has been selected by the respondent.

Based on the pattern of 'Yes' or 'No' values in the column, 'ban_education2' most likely signifies the presence or absence of a particular educational qualification or status for each respondent. The exact nature of what 'education2' refers to would depend on the context or survey design, which could specify this based on a variable definition, such as whether the respondent has attained a certain level of education beyond a threshold, enrolled in specific educational programs, or selected a specific option in a questionnaire related to education."
ban_education3,"The target column ""ban_education3"" contains binary values, specifically ""Yes"" or ""No"". This column likely indicates whether respondents possess a particular educational qualification or category associated with ""education3"". The prefix ""ban_"" might suggest it is related to a banned or restricted list or category for analysis, or it may represent a particular focus or requirement within the study, potentially for exploratory or demographic filtering purposes. Each entry reflects whether an individual respondent falls into this specified educational classification or meets the criteria defined by ""ban_education3"". The binary nature of the data in this column allows for straightforward aggregation and filtering operations such as counting the number of respondents meeting this criterion."
ban_education4,"The target column `ban_education4` appears to represent a specific education-related category, likely indicating whether respondents fall into a particular subgroup based on their educational background. The values within this column are categorical, with options such as 'Yes' or 'No'. This suggests that each respondent is being assessed as to whether they meet the criteria defined by ""education4,"" which could relate to a certain educational level, qualification, or educational enrollment status. Given the naming convention, this column is part of a broader set of ""ban_education"" columns, each likely encapsulating different educational attributes or conditions considered significant within the dataset."
ban_occupation_status1,"The target column ""ban_occupation_status1"" represents a binary indicator related to an aspect of the respondent's occupation status. Each entry in this column takes a value of either ""Yes"" or ""No"", signifying whether a particular condition or category concerning the occupation status of the respondent has been met or applied. This column likely serves as a flag to identify individuals who satisfy a specific occupational criterion, which could be used for further analysis or filtering. The exact occupational criterion being flagged is not detailed within the column name but can be inferred as a specific occupational status or condition coded as ""1"" within a broader dataset where multiple occupational criteria exist."
ban_occupation_status2,"The target column ""ban_occupation_status2"" appears to contain binary responses, likely indicative of whether a certain occupational status applies to the respondent or not. Given the context of other columns with similar naming conventions (e.g., ""ban_occupation_status1"", ""ban_occupation_status3""), it is likely part of a series of categorical attributes intended to capture different aspects of occupational status, such as employment categories (e.g., full-time, part-time, unemployed, etc.). Each row in this column contains a ""Yes"" or ""No"" value, indicating whether the specific occupational status described by ""ban_occupation_status2"" is applicable to the individual respondent identified by that row. The broader pattern suggests that these columns form part of a survey or questionnaire aiming to capture detailed demographic and employment-related information about respondents, possibly used for data analysis related to occupational trends or patterns."
ban_occupation_status3,"The target column ""ban_occupation_status3"" appears to represent a binary variable related to a specific occupational status of the respondents in the survey. The values within this column are either ""Yes"" or ""No,"" indicating whether or not each respondent meets the criteria defined by the ""ban_occupation_status3"" category. The term ""ban"" suggests that this column is part of a group of variables that assesses or records bans or restrictions associated with various occupation statuses. The exact nature of ""occupation status 3"" is not detailed in the given information but it could refer to a particular qualification, position, or condition related to employment that is being observed or restricted in this survey. The presence of similar columns such as ""ban_occupation_status1,"" ""ban_occupation_status2,"" etc., suggests that there are multiple occupational statuses considered in this dataset, and each has its own corresponding binary indicator."
ban_occupation_status4,"The target column ""ban_occupation_status4"" appears to be part of a series of binary columns related to occupation status, as indicated by the ""ban_"" prefix and the sequence of similar column names like ""ban_occupation_status1"", ""ban_occupation_status2"", etc. The values in the column are likely categorical and binary (e.g., ""Yes"" or ""No""), based on the provided table values. This suggests that the column is meant to represent whether a certain occupational status criterion is fulfilled or applicable for a respondent.

Given the pattern, ""ban_occupation_status4"" could represent one specific occupational status condition that the respondent may or may not meet, such as being employed full-time, part-time, being self-employed, or any other predefined occupational status. The primary role of this column is likely to capture whether respondents match a particular occupational status, for analysis or segmentation purposes, within the broader context of the survey or dataset."
ban_occupation_status5,"The target column, `ban_occupation_status5`, contains binary categorical data represented by the values ""Yes"" and ""No"". This column indicates whether a specific condition or status related to occupation is met for each respondent. The context or specific occupational status represented by ""status5"" is not explicitly described in the provided data, but it distinguishes respondents based on some occupational criteria that have either been fulfilled (""Yes"") or not fulfilled (""No""). The column reflects a qualitative attribute of the respondents’ occupational circumstances, potentially used for analysis related to occupation status segmentation or filtering within the dataset."
ban_occupation_status6,"The target column ""ban_occupation_status6"" appears to contain binary categorical data, indicated by values such as 'Yes' and 'No'. This suggests that the column is likely a flag or indicator related to a specific characteristic or criterion about the respondent's occupational status. The prefix ""ban_"" may imply that it is part of a larger set of variables concerning assessment or evaluation criteria, possibly tied to a survey or study's focus on employment status aspects.

Given the data structure, ""ban_occupation_status6"" likely represents whether a respondent is associated with a particular occupation status category or condition that aligns with the sixth classification or subgroup within a predefined occupation status framework. The ""Yes"" value likely indicates that the respondent qualifies or fits this particular status category, while ""No"" suggests they do not. The exact characteristic or criterion this column captures would usually depend on the specific context or definitions utilized in the survey or study the dataset is drawn from."
ban_occupation_status7,"The target column ""ban_occupation_status7"" appears to be related to a specific status or category of occupation that respondents may have. The prefix ""ban_"" in the column name suggests that this column may be used to ""ban"" or exclude certain data points based on specific criteria related to occupation status. The values observed in this column are either ""Yes"" or ""No"", indicating a binary classification or selection. 

In this context, a ""Yes"" value likely signifies that the respondent is identified as having the occupation status associated with ""occupation_status7"", while ""No"" would imply the opposite. This column is part of a set of occupation status columns (as suggested by the sequential numbering in the column names like ban_occupation_status1, ban_occupation_status2, etc.), which might be used to categorize respondents by different occupational criteria or statuses. Therefore, ""ban_occupation_status7"" specifically identifies whether a respondent falls under the seventh occupational status category in this predefined set."
ban_occupation_status8,"The target column 'ban_occupation_status8' appears to be part of a series of columns that likely represent a respondent's occupation status. The prefix ""ban"" suggests that these columns are related to some form of binary indicator or restriction, possibly reflecting whether a certain occupation status is applicable or relevant for each respondent.

The column seems to contain binary values, such as 'Yes' or 'No', indicating whether a specific occupation status, designated as ""8"" in this context, applies to the respondent. Given the sequential labelling (e.g., ban_occupation_status1, ban_occupation_status2, etc.), 'ban_occupation_status8' might represent a specific occupation status that is distinct from those covered in the aforementioned series of columns.

Overall, this column serves as a categorical variable indicating whether occupation status 8 is relevant for the respondent, where 'Yes' might mean that the respondent holds or identifies with this particular occupation status, and 'No' suggests otherwise."
ban_occupation_status9,"The target column ""ban_occupation_status9"" contains binary categorical data, likely indicating a specific aspect or classification of the respondents’ occupation status. Values in this column are represented by ""Yes"" or ""No"", suggesting a binary response. This column could mark whether respondents fulfill a particular occupational status criterion or belong to a specific occupation classification identified by the number 9. This could refer to a type of occupation, level of responsibility, sector engagement, or eligibility under a particular occupation status category. The use of the term ""ban"" implies that this category may be used within a broader grouping or filtering mechanism for respondents’ occupation status in the dataset."
ban_occupation_role1,"The target column, `ban_occupation_role1`, appears to represent a specific characteristic or aspect related to the respondents' occupation roles, with a binary indication of ""Yes"" or ""No"". This suggests that the column may be used to indicate whether a respondent holds or is associated with a particular role or function within their occupation. Since the values are binary, this column could potentially be used for filtering or grouping respondents based on this specific occupational role attribute. The prefix ""ban_"" indicates that this column belongs to a subset of variables, potentially linked by a similar theme or research interest concerning occupation roles."
ban_occupation_role2,"The target column ""ban_occupation_role2"" likely represents a binary or categorical variable related to an individual's occupation role in the dataset. The prefix ""ban_"" suggests that this column is part of a series of columns capturing information about certain characteristics or statuses (""ban"" could stand for ""banned"", ""banded"", or another form of categorization).

The values in this column are likely coded as either 'Yes' or 'No', as seen in the example values provided. This binary format implies that ""ban_occupation_role2"" could be used to indicate the presence or absence of a particular occupation role category or attribute associated with the individuals in the dataset. In the context of employment data, this could mean whether the individual holds a specific type of job role, status, or characteristic associated with their occupation. The actual meaning could be determined by referencing accompanying documentation or data description that defines what specific occupational role or characteristic ""role2"" refers to."
ban_occupation_role3,"The ""ban_occupation_role3"" column contains categorical data that likely represents a specific role or position within an occupation that a respondent is banned or restricted from based on the context of the table. Each row corresponds to a respondent, and the values in this column are limited to ""Yes"" and ""No"". This indicates whether the restriction related to this occupation role applies (""Yes"") or not (""No"") to the particular respondent. The data suggests a survey or study context where multiple aspects of a respondent's demographic and occupational status are examined."
ban_occupation_role4,"The target column, 'ban_occupation_role4', likely represents a specific aspect or characteristic related to the occupational role of respondents in the dataset. The prefix ""ban_"" suggests that this column might be part of a group of variables that assess or highlight certain biases, restrictions, or binary considerations (such as banning or prohibiting certain roles) related to occupations.

Examining the sample values, which include 'No' and 'Yes', we can infer that this column is binary, indicating the absence or presence of a particular occupational role or condition for each respondent. Each entry is likely a response or indication of whether the respondent fits the criteria or experiences the condition specified by ""occupation_role4"". The exact criteria or condition represented by ""role4"" would require further metadata or context beyond the table; however, it is clear that this column is used to categorize or flag respondents based on a specific occupational role factor."
ban_occupation_role5,"The target column ""ban_occupation_role5"" appears to be a binary response column associated with the occupation role of the respondent. The prefix ""ban_"" suggests that this column may be part of a larger set that captures specific restrictions, barriers, or conditions related to the occupation roles of respondents. Each value in this column represents whether a certain occupational role attribute, identified as ""role5"", applies to the respondent or not, with typical responses being ""Yes"" or ""No"". This implies that the column is likely employed in a survey or research context to assess specific occupational roles or characteristics within the study sample."
ban_occupation_role6,"The target column, `ban_occupation_role6`, seems to represent a binary indicator with values such as 'Yes' or 'No'. This column likely indicates whether a specific occupation role, identified as role number 6, has been banned or restricted for a respondent. Each respondent, identified by a unique `respondent_id`, may have different roles evaluated under various criteria, leading to a potential prohibition or ban captured by these binary responses. The 'Yes' value indicates that the occupation role is banned/restricted, while 'No' signifies no such ban.

Overall, the column provides information on the restriction status of a particular occupation role, which is part of a broader categorization (as suggestive by the numeric identifier in the column name). This is useful in understanding occupational restrictions within the survey's context, possibly reflecting policy, regulation, or respondent-specific conditions."
ban_occupation_role7,"The target column ""ban_occupation_role7"" appears to capture binary categorical data related to a respondent's occupation role status, which is part of a broader series of columns labelled with ""ban_"". The prefix ""ban_"" indicates a possible coding or classification related to certain conditions or groups, such as being part of a 'banned' (or restricted) category for occupational roles, though the specific meaning of ""ban"" in this context would require additional information.

Each entry in this column seems to contain categorical responses, possibly binary, such as ""Yes"" or ""No"", indicating whether a specific occupational role status applies to the respondent. Given it is labeled ""role7"", it's likely one in a sequence of potential occupational roles that the respondents could be assessed for, suggesting that respondents are categorized across a range of possible occupational roles.

This column is part of a structured questionnaire or survey output where respondents' occupational statuses are evaluated across multiple criteria, potentially influencing eligibility or classification in an analysis or study's context. Thus, ""ban_occupation_role7"" essentially records whether respondents meet certain criteria or conditions associated with the seventh role within a predefined occupational structure."
ban_occupation_role8,"The target column ""ban_occupation_role8"" likely represents a binary or categorical indicator that captures specific information about a respondent's occupation role. Given the prefix ""ban"", it suggests a possible ban or restriction related to particular occupational roles or perhaps inclusion/exclusion criteria for certain roles. The values in this column appear to be categorical (e.g., 'Yes', 'No'), indicating whether the respondent's occupation involves or matches the criteria associated with the eighth role or condition listed under the ""ban_occupation_role"" category. The data structure suggests it falls within a series of similar columns (roles 1 through 8) detailing different occupation-related roles or statuses, each possibly signifying different attributes or criteria regarding employment."
ban_marital,"The target column ""ban_marital"" seems to contain categorical data related to an individual's marital status. The values in this column are likely binary or categorical, indicating whether the respondent is ""banned"" or excluded based on their marital status for a specific aspect of the survey or study. This column may be used to filter or exclude respondents from certain analyses based on their marital arrangement, which could include categories like Single, Married, Divorced, etc. The use of ""ban"" in the column name suggests it defines a condition or rule associated with marital status that affects the participation or categorization within this dataset. The represented values could be simple ""Yes"" or ""No"" responses, or they might denote specific statuses as required by the survey's focus."
ban_children1,"The target column ""ban_children1"" appears to be a binary or categorical variable indicating a specific condition or attribute related to children within the dataset. The prefix ""ban_"" suggests that this column is part of a set of columns that likely capture various restrictions or exclusions based on different demographic factors or statuses.

Given its context and naming pattern, ""ban_children1"" likely represents whether a particular ban or condition applies to respondents based on criteria related to their children. The values in this column, like 'Yes' and 'No', suggest a response to a question or criteria that determines if the condition is met or applicable to the respondent.

Overall, ""ban_children1"" serves as an indicator of whether a participant in the dataset is affected by a specific condition or rule associated with children, possibly aligning with survey or data gathering requirements."
ban_children2,"The target column, `ban_children2`, appears to be a binary categorical variable indicating a particular response or condition related to children. The values in this column are predominantly ""Yes"" or ""No"", suggesting that it records whether the respondent meets a certain criterion related to having children. This could involve whether they have a child or children of a specific age, a number of children, or perhaps their views or participation in an initiative connected to children. The use of ""ban"" as a prefix might suggest that this relates to a specific survey question or grouping under a theme, potentially assessing beliefs, practices, or restrictions concerning children. The exact nature of the parameter being evaluated is not detailed in the given data, but its binary nature implies a straightforward yes/no answer to a specific question or condition related to children."
ban_children3,"The target column ""ban_children3"" appears to contain categorical data that likely corresponds to a specific aspect related to children. Given the name of the column and the context provided by the other column names like ""ban_children1"", ""ban_children2"", and ""ban_children4"", it can be inferred that ""ban_children3"" records a specific response, attribute, or condition related to respondents' children. The values in this column are 'Yes' or 'No', indicating a binary outcome which could represent whether a respondent has experienced a particular condition or situation involving their children. This might pertain to aspects such as obtaining specific benefits, experiencing certain events, or meeting particular criteria, although the exact context or criterion is not specified in the available data."
ban_children4,"The target column ""ban_children4"" appears to be a binary column, as the values within it are ""Yes"" and ""No"". This suggests that the column relates to a specific aspect or condition concerning children, which a respondent may or may not fulfill. The prefix ""ban_"" suggests that this column might be part of a series of similar binary indicators. 

Given the context of surrounding columns and the structure denoted by ""ban_children1"", ""ban_children2"", ""ban_children3"", and ""ban_children4"", it is plausible that this column indicates whether the respondent falls into a specific category related to children, possibly a classification or a survey response identifying their stance or status in regard to having or managing four or a certain number/type of children. Each ""ban_childrenX"" column could be indicating a separate criterion or characteristic that the respondents assess with a ""Yes"" or ""No"". Thus, ""ban_children4"" likely captures if the respondent meets a specific children-related criterion addressed by the survey or data collection effort."
ban_no_ofchildren,"The target column, ""ban_no_ofchildren,"" contains information related to the number of children associated with the respondents. Given the prefix ""ban_"" which may suggest the context of a financial or banking-related survey or prohibition context, this column could indicate whether there is a specific condition or ban related to the number of children the respondents have, likely affecting their eligibility for certain benefits, services, or considerations.

The values in this column are likely categorical and could be either numerical counts indicating the specific number of children or a binary indicator (e.g., ""Yes"" or ""No"") representing whether the number of children meets a certain criterion or threshold. This column helps categorize respondents based on their family structure concerning the number of children, potentially influencing other variables or outcomes studied within the dataset."
ban_age_youngest,"The ""ban_age_youngest"" column appears to contain information indicating whether the age of the youngest person in a respondent's household is subject to a specific condition or category denoted by ""ban."" The content of the column consists of binary values, potentially ""Yes"" or ""No,"" suggesting a yes/no decision or condition about the age of the youngest individual in the household. This may pertain to a rule, restriction, or eligibility criterion applied based on age, although the precise condition or criteria are not detailed in the data provided."
ban_q28,"The target column, `ban_q28`, appears to be part of a series of columns that are prefixed with 'ban_', suggesting that it may be related to some kind of banning or restriction criteria within a survey or data collection. The values in this column are categorical, containing the responses 'Yes' or 'No', indicating binary responses to a specific question in the survey. Given the structure and naming convention, it likely represents whether a particular ban or restriction applies to the respondent, or whether they agree with or are subject to a specific condition or statement. This column, like similar columns, is likely used to assess or categorize respondents based on their responses to certain criteria or questions."
ban_q30_1,"The target column ""ban_q30_1"" appears to be a categorical variable that records responses to a specific question or statement related to a survey or study. The values in this column are encoded as either 'Yes' or 'No', indicating a binary choice or response by the respondents. This suggests that the question associated with ""ban_q30_1"" might inquire about the presence or absence of a particular attribute, opinion, or behavior. The context and meaning of ""ban_q30_1"" would depend on the specific survey question it represents, but given its binary nature, it likely aims to capture a straightforward, dichotomous response from the respondents."
ban_q30_2,"The target column, `ban_q30_2`, contains binary categorical data related to a survey or questionnaire. The values within this column are either 'Yes' or 'No', indicating the respondent's answer to a specific question. The ""ban_"" prefix suggests that this column might be related to some behavior, attitudes, or beliefs, potentially forming part of a block or section of related questions within the data set. As the structure implies a series of questions (evidenced by other similarly named columns like `ban_q30_1`, `ban_q30_3`, etc.), `ban_q30_2` is likely the second question in this particular series related to whatever theme or demographic the ""ban"" prefix refers to. The information from this column might be used to gauge a stance, occurrence, or preference related to that theme, for each respondent."
ban_q30_3,"The target column ""ban_q30_3"" contains values related to a specific question or variable in the dataset identified under the ""ban"" prefix. The values in this column are 'Yes' and 'No', suggesting that the column records responses to a binary question. The prefix ""ban"" could imply that this is part of a module or section focused on bans, restrictions, or related evaluations in the survey or study context. The nature of the question associated with ""ban_q30_3"" is not explicitly provided within the given data or column names, but it can be inferred that it captures whether a respondent agrees ('Yes') or disagrees ('No') with a particular statement or action considered in the survey's ""ban_q30"" section. This column is likely designed to categorize respondents based on their stance or compliance with the specific issue or measure addressed by question 30, subsection 3."
ban_q30_4,"The target column 'ban_q30_4' appears to be a binary or categorical variable with possible values such as 'Yes' and 'No'. This type of column typically represents the response to a specific question or condition that respondents either satisfy or do not. Given the 'ban_' prefix, it is likely part of a set of variables capturing responses related to certain banned actions, characteristics, or conditions. The 'q30_4' suffix suggests this column is related to the fourth part of a questionnaire section or a specific question item labeled as 'q30.' In the context of survey data, this column may indicate whether the respondent agrees or conforms to the specified part or statement of the question labeled as 'q30_4'. Each entry in the column corresponds to an individual respondent's answer or status regarding that particular aspect."
ban_q32,"The target column ""ban_q32"" contains binary categorical data which appears to represent responses to a specific question in a survey. The values in this column are ""Yes"" and ""No"", indicating whether a respondent provided an affirmative or negative response to that particular survey question. Each row represents an individual respondent, and the value in ""ban_q32"" shows their response to whatever prompt or question ""ban_q32"" corresponds to in the survey. The column captures whether respondents agree, affirm, or display approval (indicated by ""Yes"") or not (indicated by ""No"") concerning the content of the question."
ban_q431,"The target column 'ban_q431' in this table contains categorical data, with entries such as 'Yes' or 'No' for each respondent. This column likely represents a binary response to a specific question or condition analyzed in the survey or study. The prefix 'ban_' suggests it could be related to a specific band or set of questions within a broader questionnaire, possibly used for analysis on particular prohibitions, restrictions, or permissions being evaluated in the context of the survey. Since the data consists of binary responses, it may be used to measure agreement, compliance, or participation in a certain behavior or condition among the respondents. This column is useful for binary classification tasks, filtering, or aggregation in further data analysis."
ban_q432,"The target column ""ban_q432"" likely represents responses to a specific survey question or statement, which participants answered by selecting from a predefined set of options. The values within this column are categorical, evidenced by the presence of ""Yes"" and ""No"" responses. These binary responses suggest that the column captures agreement or affirmation (Yes) versus disagreement or negation (No) concerning a particular question or aspect related to the survey. Without additional context from the table or accompanying survey, the exact nature of the question remains unspecified, but it is clear that it belongs to a group of related questions, as indicated by its sequential naming following similarly structured fields in the dataset (e.g., ban_q431, ban_q433). This implies it could be part of a broader thematic area explored within the survey, potentially gathering insights on a common topic or dimension evaluated in multiple sub-questions."
ban_q433,"The target column ""ban_q433"" appears to be a categorical data column within the given table. The values in this column are 'Yes' and 'No', which indicates a binary choice or response for a particular question or attribute referred to by 'ban_q433'. Given the naming convention used in the column headers, it is likely that ""ban_q433"" is part of a series of questions or measures related to a specific topic or theme, where the prefix ""ban_"" suggests it might relate to some restricted or controlled aspect being surveyed in this study or data collection. Each row in this column corresponds to a respondent, so the values represent individual respondent answers or states relating to the aspect measured by ""ban_q433"". Without further context, it is difficult to determine the exact nature of the question or attribute, but it is clearly a straightforward categorical choice."
ban_q434,"The target column ""ban_q434"" appears to be a categorical field with values such as 'Yes' and 'No'. These values likely indicate a binary response to a specific question or condition related to a survey. From the prefix ""ban_"" commonly found in column names here, it can be inferred that ""ban_q434"" might be related to a survey question with a ""ban"" context, possibly addressing opinions, preferences, or behaviors regarding a particular topic or policy. The column is part of a broader set of columns that start with ""ban_"", suggesting that these respondents were asked a series of similar questions or that data was collected under a particular study or theme. Each entry in ""ban_q434"" represents the individual respondent's answer to this specific survey question, which could be linked to attitudes on banning topics or activities."
ban_q435,"The target column 'ban_q435' contains categorical data specifically indicating a binary response. The values in this column are either 'Yes' or 'No', suggesting that it relates to a question or a condition assessed within a survey or dataset context where respondents have to confirm or deny a particular statement or condition. Each entry in this column corresponds to an individual's answer from the survey, reflecting whether the respondent affirmed ('Yes') or negated ('No') the aspect inquired by 'ban_q435'. Given the pattern and typical usage of 'ban' prefixes in dataset names, this could potentially relate to a ban or restriction question, though the specific nature of the question is not provided and would need contextual information from the survey to fully interpret."
ban_q436,"The target column ""ban_q436"" appears to contain categorical data, as evidenced by the repeated values ""Yes"" and ""No"" within the column. This suggests that ""ban_q436"" is likely a binary indicator or a response to a yes/no question or a condition posed to respondents. Given the structure of the table, which seems to be capturing survey or respondent-based data, ""ban_q436"" could relate to a specific question, feature, or criterion that respondents either agreed with or met (""Yes"") or did not agree with or meet (""No""). The use of the prefix ""ban_"" might imply that this column records responses related to particular restrictions, limitations, or conditional scenarios that pertain to the context of the survey or study. The exact meaning could involve any number of factors, but without more specific context or an accompanying survey question, the precise semantics of the column are left open to interpretation based solely on its binary nature."
ban_q437,"The target column `ban_q437` contains categorical values, specifically 'Yes' or 'No'. The prefix 'ban_' suggests that this column might capture a binary response to a particular question or condition related to the survey, possibly a ban or exclusion criterion. Each entry in this column represents a respondent's answer indicating whether they are included or meet a specific criterion defined by this question. The consistent use of 'Yes' and 'No' across the dataset implies this is a simple categorical field used to record a binary decision or status. Without further context about the specific question or condition this column pertains to, we can infer that it functions as a straightforward binary indicator within the larger dataset."
